Respondent ID,Collector ID,I have consented to participate in this survey.,Do you consent to the potential use of your responses in future research?,How would you describe your primary role in the field of AI/ML?,How many years of experience do you have in AI/ML?,Which Country are you from?,"How familiar are you with XAI techniques (e.g., SHAP, LIME)?",,,,,"Which XAI techniques have you used in your work? (Select all that apply)(You may see a number of explainability tools and techniques that are being used in machine learning. Some tools are used frequently, and some are not. Please choose which tools you prefer to explain the model perfectly. Your work in experience is appreciable.)",,,,,,,,,,,,,,,,,,,,Justify your choice 1:(Ex: You say SHAP. Why it is more useful compared to other techniques. Please justify your answer.),Justify your choice 2:,Justify your choice 3:,How much do you satisfy using existing explainability tools/techniques?,Ranking the features according to users' usage frequency(Ex: 1. Feature importance2. Summary plot 3. etc. ),,,,,,,,Limitations of the existing features/what features they want for better explainability,Limitation Category ,Are you using single/multiple techniques to explain a model's performance?,"If multiple, how do they resolve the disagreement (which technique they trust more than others)"
,,Response,Response,Response,Response,Open-Ended Response,Not familiar at all—I have not heard of these techniques.,Slightly familiar—I have heard of these techniques but have not used them.,Moderately familiar—I have some experience using these techniques in my work.,Very familiar—I regularly use these techniques and understand them well.,Highly familiar—I am an expert in these techniques and frequently apply them in complex scenarios.,LIME (Local Interpretable Model-agnostic Explanations),Local Interpretable Visual Explanations (LIVE),Leave-One Covariate-Out (LOCO),TimeLIME,SHAP (SHapley Additive exPlanations),Grad-CAM (Gradient-weighted Class Activation Mapping),Individual Conditional Expectation (ICE),Anchors,Pyexplainer,Anchors,Breakdown,Rule Extraction,Optuna,Partial Dependence Plots (PDP),Counterfactual Explanations,Saliency Maps,Decision Trees / Rule-Based Explanations,Model-Agnostic Meta-Interpretability (MAMI),"Feature Importance (e.g., permutation importance)",Other (please specify),Open-Ended Response,Open-Ended Response,Open-Ended Response,Response,Feature importance,Summary plot,Dependence Plot,Partial Dependence Plot (PDP),Decision Plot,Force Plot,Global Interpretations,Local Explanations,Open-Ended Response,,Open-Ended Response,Open-Ended Response
1.10E+11,270427579,Yes,Yes,"Academic/Researcher (Professor, Graduate Student)",3–5 years,Canada,,,,Very familiar—I regularly use these techniques and understand them well.,,LIME (Local Interpretable Model-agnostic Explanations),,,,SHAP (SHapley Additive exPlanations),,,,,,Breakdown,,,,,,,,,,Good for local data,Feature importance,Stepwise explanations,Highly Satisfied,3,4,5,6,7,8,2,1,The most significant problem is the installation problem,Installation Issues,Multiple,Aggregation technique
1.10E+11,270427579,Yes,Yes,Software Engineer,3–5 years,Canada,,,Moderately familiar—I have some experience using these techniques in my work.,,,LIME (Local Interpretable Model-agnostic Explanations),,,,SHAP (SHapley Additive exPlanations),,,,,,,,,,,,,,,,Single prediction,More consistent,NA,Satisfied,,,,,,,,,Not suitable for timeseries data,Integration Issues,Multiple,Feature sampling
1.10E+11,270427579,Yes,Yes,Machine Learning Engineer,3–5 years,India,,,Moderately familiar—I have some experience using these techniques in my work.,,,LIME (Local Interpretable Model-agnostic Explanations),,,,SHAP (SHapley Additive exPlanations),,,,,,,,,,,,,,,,Global interpretation,Fair,NA,Satisfied,2,4,5,6,7,8,1,3,Incompatible to multiple models ,Compatibility Issues,Multiple,
1.10E+11,270427579,Yes,Yes,"Academic/Researcher (Professor, Graduate Student)",6-10 years,Canada,,,,Very familiar—I regularly use these techniques and understand them well.,,LIME (Local Interpretable Model-agnostic Explanations),,,,SHAP (SHapley Additive exPlanations),,,,,,,,,,,Saliency Maps,,,,,Acts as a tool for validating and fine-tuning machine learning models for defect prediction.,Stability,Specifically designed to pinpoint the areas or code features contributing to model predictions.,Satisfied,3,4,5,6,7,8,2,1,Installation difficulties hinders the implementation,Installation Issues,Multiple,Union operation helps to reduce discrepancies.
1.10E+11,270427579,Yes,Yes,"Academic/Researcher (Professor, Graduate Student)",3–5 years,Canada,,,,Very familiar—I regularly use these techniques and understand them well.,,LIME (Local Interpretable Model-agnostic Explanations),,,,SHAP (SHapley Additive exPlanations),,,,,,,,,,,,,,,, Helps identify and correct errors in models by revealing problematic predictions.,Allows comparison of feature importance across models and datasets.,NA,Satisfied,2,3,4,5,6,7,8,1,Conflictnig explanations,Disagreement Issues,Multiple,Feature selection
1.10E+11,270427579,Yes,Yes,Software Engineer,3–5 years,Canada,,,Moderately familiar—I have some experience using these techniques in my work.,,,LIME (Local Interpretable Model-agnostic Explanations),,,,,,,,,Anchors,,,,,,,,,,,Enhance model transparency by offering rule-based explanations for predictions., Provides actionable information for developers to address defects.,NA,Moderate,,,,,,,,,Faced difficulties during the installation process,Installation Issues,Multiple,Aggregation method
1.10E+11,270427579,Yes,Yes,"Academic/Researcher (Professor, Graduate Student)",1–2 years,Bangladesh,,Slightly familiar—I have heard of these techniques but have not used them.,,,,LIME (Local Interpretable Model-agnostic Explanations),,,,SHAP (SHapley Additive exPlanations),,,,,,,,,,,,,,"Feature Importance (e.g., permutation importance)",,LIME aids in improving model performance and generalization,SHAP: Fairness Analysis,Provide user-friendly visualizations for defect prediction explanations.,Highly Dissatisfied,,,,,,,,,Major issues in installing tools,Installation Issues,Multiple,
1.10E+11,270427579,Yes,Yes,Machine Learning Engineer,1–2 years,Japan,,,Moderately familiar—I have some experience using these techniques in my work.,,,LIME (Local Interpretable Model-agnostic Explanations),,,,SHAP (SHapley Additive exPlanations),,,,,,Breakdown,,,,,,,,,,LIME enhances transparency by showing feature importance for each prediction.,SHAP enhances trust in machine learning models by providing insights into their predictions.,Breakdown: Feature Impact,Dissatisfied,,,,,,,,,PyExplainer is not installed for multiple frameworks,Installation Issues,Multiple,Need user friendly documentation and guidelines
1.10E+11,270427579,Yes,Yes,Software Engineer,3–5 years,Canada,,,,Very familiar—I regularly use these techniques and understand them well.,,LIME (Local Interpretable Model-agnostic Explanations),,,,SHAP (SHapley Additive exPlanations),,,,Pyexplainer,,,,,,,,,,,,SHAP is model-agnostic,LIME is model-agnostic,PyExplainer is model agnostic,Dissatisfied,2,3,4,5,6,7,8,1,Integration problem  ,Integration Issues,Multiple,Documentation needed
1.10E+11,270427579,Yes,Yes,"Academic/Researcher (Professor, Graduate Student)",1–2 years,Bangladesh,,Slightly familiar—I have heard of these techniques but have not used them.,,,,,,,,,,,,Pyexplainer,,,,,Partial Dependence Plots (PDP),,,Decision Trees / Rule-Based Explanations,,,,Supports quality assurance by providing clear guidelines for defect prediction,Facilitate the validation of machine learning models through feature analysis,NA,Dissatisfied,,,,,,,,,Difficult for installing,Installation Issues,Multiple,
1.10E+11,270427579,Yes,Yes,Data Scientist/Engineer,1–2 years,Bangladesh,,Slightly familiar—I have heard of these techniques but have not used them.,,,,LIME (Local Interpretable Model-agnostic Explanations),,,,SHAP (SHapley Additive exPlanations),,,,,,,,,Partial Dependence Plots (PDP),,,,,,,"Lime approximates any black box machine learning model with a local, interpretable model to explain each individual prediction. It is understandable idea’s and does not require a lot of effort to run.",The goal of SHAP is to explain a machine learning model’s prediction by calculating the contribution of each feature to the prediction.,NA,Satisfied,,,,,,,,,Serious concern in installation,Installation Issues,Single,
1.10E+11,270427579,Yes,Yes,AI/ML Consultant,3–5 years,Bangladesh,,,Moderately familiar—I have some experience using these techniques in my work.,,,LIME (Local Interpretable Model-agnostic Explanations),,,,SHAP (SHapley Additive exPlanations),,,,,,,,,,,,,,"Feature Importance (e.g., permutation importance)",,Acts as a tool for validating and fine-tuning machine learning models for defect prediction.,Allows comparison of feature importance across models and datasets.,Feature interaction are more important because if we find it we can find the best model easily. ,Satisfied,2,1,3,5,6,7,8,4,Not compatible for all models,Compatibility Issues,Single,
1.10E+11,270427579,Yes,Yes,Software Engineer,3–5 years,Japan,,,,Very familiar—I regularly use these techniques and understand them well.,,,,,,SHAP (SHapley Additive exPlanations),,,,,,,,,,,,Decision Trees / Rule-Based Explanations,,"Feature Importance (e.g., permutation importance)",,Feature Importance helps to identify the inner depth of data. It allows to substract the non-significant features which can be harmful for model. ,Decision tree is useful for feature importance as the decrease in node impurity weighted by the probability of reaching that node. ,NA,Moderate,,,,,,,,,Severe problem in installation,Installation Issues,Multiple,Improve on hyperparameter tuning and feature importance specially for fine tuning 
1.10E+11,270427579,Yes,Yes,Software Engineer,1–2 years,Bangladesh,,,Moderately familiar—I have some experience using these techniques in my work.,,,LIME (Local Interpretable Model-agnostic Explanations),,,,SHAP (SHapley Additive exPlanations),,,,Pyexplainer,,,,,,,,,,,,LIME creates explanations that are understandable to developers who may not be experts in machine learning.,SHAP reveals features that consistently influence predictions across various instances.,NA,Satisfied,2,3,4,5,6,7,8,1,Doesn't convert to different framework,Integration Issues,Multiple,Aggregation
1.10E+11,270427579,Yes,Yes,"Academic/Researcher (Professor, Graduate Student)",3–5 years,Bangladesh,,,,Very familiar—I regularly use these techniques and understand them well.,,LIME (Local Interpretable Model-agnostic Explanations),,,,,,,,Pyexplainer,,Breakdown,,,,,,,,,,Helps identify and correct errors in models by revealing problematic predictions,BreakDown: Provides powerful explanations for defect prediction decision-making.,PyExplainer: Integrates well with existing defect prediction workflows.,Dissatisfied,,,,,,,,,Visualization Deiscrepency,Visualization Issues,Multiple,
1.10E+11,270427579,Yes,Yes,Software Engineer,3–5 years,Bangladesh,,,,Very familiar—I regularly use these techniques and understand them well.,,,,,,SHAP (SHapley Additive exPlanations),,,,Pyexplainer,,Breakdown,,,,,,,,,,Applicable to complex models for defect prediction,Offers insights for model improvement and optimization,Helps identify essential features and their influence on defect predictions by tuning parameters.,Satisfied,,,,,,,,,Not ablee to convert multiple framework,Integration Issues,Single,
1.10E+11,270427579,Yes,Yes,Software Engineer,3–5 years,Italy,,,Moderately familiar—I have some experience using these techniques in my work.,,,,,,,SHAP (SHapley Additive exPlanations),,,,,,Breakdown,,,Partial Dependence Plots (PDP),,,,,,,"Ensures consistent and meaningful explanations, which is critical for software defect prediction",Assist in identifying deviations from expected feature behaviors in predictions.,NA,Moderate,,,,,,,,,Integration problem often create frustration to use XAI,Integration Issues,Single,
1.10E+11,270427579,Yes,Yes,"Academic/Researcher (Professor, Graduate Student)",1–2 years,Slovenia,,Slightly familiar—I have heard of these techniques but have not used them.,,,,LIME (Local Interpretable Model-agnostic Explanations),,,,,,,,Pyexplainer,,,,,,,Saliency Maps,,,,,Quantifies the impact of each feature for a specific prediction.,LIME is valuable for debugging models by revealing their decision logic at the instance level.,Saliency maps visually highlight influential code features or portions within the dataset for defect prediction,Satisfied,,,,,,,,,Installaion problems,Installation Issues,Single,
1.10E+11,270427579,Yes,Yes,"Academic/Researcher (Professor, Graduate Student)",1–2 years,Slovenia,,,Moderately familiar—I have some experience using these techniques in my work.,,,,,,,SHAP (SHapley Additive exPlanations),,,,,,,,,,,,,,"Feature Importance (e.g., permutation importance)",,"SHAP is known for producing stable explanations, making it reliable for model analysis.",PyExplainer allows you to customize explanation methods according to specific needs in defect prediction.,NA,Highly Satisfied,,,,,,,,,Visualization problem,Visualization Issues,Multiple,Feature tweaking
1.10E+11,270427579,Yes,Yes,Software Engineer,1–2 years,Germany,,Slightly familiar—I have heard of these techniques but have not used them.,,,,LIME (Local Interpretable Model-agnostic Explanations),,,,SHAP (SHapley Additive exPlanations),,,,,,,,,Partial Dependence Plots (PDP),,,,,,,Provide the details of the entire dataset,LIME is valuable for debugging models by revealing their decision logic at the instance level.,PDP plots offer visual insights into how specific features affect defect prediction outcomes.,Highly Satisfied,2,3,5,6,7,8,1,4,Inconsistent explanations,Disagreement Issues,Multiple,Union operation
1.10E+11,270427579,Yes,Yes,AI Researcher,1–2 years,Belgium,,Slightly familiar—I have heard of these techniques but have not used them.,,,,LIME (Local Interpretable Model-agnostic Explanations),,,,SHAP (SHapley Additive exPlanations),,,,,,Breakdown,,,,,,,,,,Easy to understand,Shows the feature importance perfectly,"Kind of Local explanation and I think it will be easy to understand. Though I didn't use yet, just know the name of the technique",Satisfied,,,,,,,,,"The post hoc methods in explainable AI are increasingly gaining popularity, owing mainly to their generality. They are being used in critical fields like medicine, law, policymaking, finance, etc. This makes it very critical to ensure that the explanations rendered by these methods are reliable. There has been prior research to analyze the behavior of these explainable models; it has been found that several critical aspects pertaining to these methods are unexplored. One of the major challenges that were observed was inconsistency in explanations if multiple explainable methods were used on a particular model. In many instances, explanations generated by various methods disagree with each other; for example, the top-k most important features output by different methods may vary. This drawback has been suitably termed as the ‘disagreement problem’. Is it severe for model description? How can you solve the disagreement problem if it occurs. Have any suggestions to reduce the problem?",Disagreement Issues,Single,
1.10E+11,270427579,Yes,Yes,Machine Learning Engineer,3–5 years,Germany,,,,Very familiar—I regularly use these techniques and understand them well.,,LIME (Local Interpretable Model-agnostic Explanations),,,,SHAP (SHapley Additive exPlanations),,,,,,Breakdown,,,,,,,,,,Local Interpretability,"SHAP provides feature-specific explanations for the entire dataset, aiding in global model interpretability.","BreakDown offers a clear, step-by-step breakdown of how features contribute to predictions.",Highly Satisfied,1,4,5,6,7,8,3,2, It sometimes not consistent.,Disagreement Issues,Single,
1.10E+11,270427579,Yes,Yes,Software Engineer,3–5 years,Bangladesh,,,Moderately familiar—I have some experience using these techniques in my work.,,,LIME (Local Interpretable Model-agnostic Explanations),,,,SHAP (SHapley Additive exPlanations),,,,,,,,,,,,,,,,Local Explanation,Global Explanation,NA,Satisfied,4,3,5,6,7,8,2,1,Confusing output sometimes,Disagreement Issues,Multiple,
1.10E+11,270427579,Yes,Yes,"Academic/Researcher (Professor, Graduate Student)",3–5 years,Canada,,,Moderately familiar—I have some experience using these techniques in my work.,,,LIME (Local Interpretable Model-agnostic Explanations),,,,SHAP (SHapley Additive exPlanations),,,,Pyexplainer,,,,,,,,,,"Feature Importance (e.g., permutation importance)",,"SHAP is more useful compared to other techniques because it provides a unified framework that attributes feature contributions in a model-agnostic and mathematically rigorous way, ensuring consistency and local accuracy. ","LIME is more useful compared to other techniques because it provides intuitive, local explanations for individual predictions, regardless of the model's complexity or architecture. ","Feature Importance is more useful compared to other techniques because it directly identifies the key drivers behind model predictions, offering clear and actionable insights. ",Satisfied,1,2,4,3,7,8,5,6,"The primary limitations include scalability issues with large datasets, interpretability complexity for non-technical users, lack of interactivity in customizing outputs, and difficulty balancing global and local insights. Future directions should focus on real-time interpretability, multimodal support for diverse data types, and AI-driven auto-explanation systems to enhance user experience and efficiency.",Scalability Issues,"I use multiple techniques to explain a model's performance as they provide complementary insights. However, this often leads to discrepancies like the disagreement problem.","To resolve disagreements, I prioritize techniques based on the context, such as SHAP for feature-level insights and PDP for global trends. Combining methods and cross-validating results helps reduce inconsistency, and focusing on domain relevance ensures trust in the chosen explanation."
1.10E+11,270427579,Yes,Yes,Data Scientist/Engineer,1–2 years,Canada,,Slightly familiar—I have heard of these techniques but have not used them.,,,,LIME (Local Interpretable Model-agnostic Explanations),,,,SHAP (SHapley Additive exPlanations),,,,,,,,,,,,,,,,Summary Plot,Feature Importance,NA,Highly Satisfied,2,1,5,6,7,8,4,3,Consistency,Disagreement Issues,Single,
1.10E+11,270427579,Yes,Yes,Software Engineer,1–2 years,Bangladesh ,,Slightly familiar—I have heard of these techniques but have not used them.,,,,LIME (Local Interpretable Model-agnostic Explanations),,,,SHAP (SHapley Additive exPlanations),,,,,,,,,,,,,,,,LIME,SHAP,NA,Satisfied,4,1,5,6,7,8,3,2,confusing ,Disagreement Issues,multiple ,
1.10E+11,270427579,Yes,Yes,"Academic/Researcher (Professor, Graduate Student)",3–5 years,Germany,,,Moderately familiar—I have some experience using these techniques in my work.,,,LIME (Local Interpretable Model-agnostic Explanations),,,,SHAP (SHapley Additive exPlanations),,,,,,,,,,,,,,,,Popular Technique,Popular Technique,NA,Satisfied,3,4,5,6,7,8,2,1,Not consistent explanation,Disagreement Issues,Multiple,
1.10E+11,270427579,Yes,No,Data Analyst,6-10 years,Japan,,,,Very familiar—I regularly use these techniques and understand them well.,,LIME (Local Interpretable Model-agnostic Explanations),,,,SHAP (SHapley Additive exPlanations),,,,,,,,,,,,,,,,Individual row interpretation ,Good visualization ,NA,Satisfied,2,1,3,4,5,6,7,8,Compatibility issues ,Compatibility Issues,Multiple ,
1.10E+11,270427579,Yes,Yes,"Academic/Researcher (Professor, Graduate Student)",1–2 years,Bangladesh,,,Moderately familiar—I have some experience using these techniques in my work.,,,,,,,SHAP (SHapley Additive exPlanations),,,,,,,,,,,,,,,,It gives nice visualization.,N/A,N/A,Satisfied,1,4,5,7,6,8,3,2,If there were more options available to apply these  tools without the need of prior adjustment to the structures of the data.,Data Preprocessing Issues,Mostly single,N/A
1.10E+11,270427579,Yes,Yes,"Academic/Researcher (Professor, Graduate Student)",1–2 years,Canada,,Slightly familiar—I have heard of these techniques but have not used them.,,,,LIME (Local Interpretable Model-agnostic Explanations),,,,SHAP (SHapley Additive exPlanations),,,,,,,,,,,,,,,,Local,Global,NA,Satisfied,3,4,5,6,7,8,2,1,Feature are not well preprocessed,Data Preprocessing Issues,Multiple,Aggregation
1.10E+11,270427579,Yes,Yes,AI Researcher,3–5 years,Germany,,,,Very familiar—I regularly use these techniques and understand them well.,,LIME (Local Interpretable Model-agnostic Explanations),,,,SHAP (SHapley Additive exPlanations),,,,,,,,,,,,,,,,Plot features,Feature Importance,NA,Satisfied,3,4,5,6,7,8,2,1,Integration Problem,Integration Issues,Multiple,Aggregation technique
1.10E+11,270427579,Yes,Yes,"Academic/Researcher (Professor, Graduate Student)",3–5 years,USA,,,,Very familiar—I regularly use these techniques and understand them well.,,LIME (Local Interpretable Model-agnostic Explanations),,,,SHAP (SHapley Additive exPlanations),,,,,,,,,,,,,,,,Single plot,Summary Plot,NA,Satisfied,,,,,,,,,Inconsistent explanation,Disagreement Issues,Multiple,
1.10E+11,270427579,Yes,Yes,"Academic/Researcher (Professor, Graduate Student)",3–5 years,Canada,,,,Very familiar—I regularly use these techniques and understand them well.,,LIME (Local Interpretable Model-agnostic Explanations),,,,SHAP (SHapley Additive exPlanations),,,,,,,,,,,,,,,,Individual row interpretation,Feature importance,NA,Satisfied,1,3,4,5,6,7,8,2,Misleading output,Disagreement Issues,Multiple,
1.10E+11,270427579,Yes,Yes,Machine Learning Engineer,1–2 years,USA,,,Moderately familiar—I have some experience using these techniques in my work.,,,LIME (Local Interpretable Model-agnostic Explanations),,,,SHAP (SHapley Additive exPlanations),,,,,,,,,,,,,,,,Explaining risk prediction models, Showing why a prediction was predicted to have a certain problems,NA,Satisfied,,,,,,,,,Ambiguity in Metrics,Lack of Evaluation Metrics,Multiple,
1.10E+11,270427579,Yes,Yes,Software Engineer,3–5 years,Bangladesh,,,,Very familiar—I regularly use these techniques and understand them well.,,LIME (Local Interpretable Model-agnostic Explanations),,,,SHAP (SHapley Additive exPlanations),,,,,,,,,,,,,,,,Local,global,NA,Satisfied,3,4,5,6,7,8,2,1,Users cannot easily provide feedback on the quality of the explanations generated by the tools.,Feedback Based Model Refinement,Multiple,Reduced computational requirements to make tools faster and more efficient.
1.10E+11,270427579,Yes,Yes,Software Engineer,3–5 years,Australia,,,Moderately familiar—I have some experience using these techniques in my work.,,,,,,,SHAP (SHapley Additive exPlanations),,,,,,,,,,,,,,,,Explaining why specific data points are flagged,NA,NA,Moderate,3,4,5,6,7,8,2,1,Difficulty in Understanding Visualizations,Visualization Issues,Single,
1.10E+11,270427579,Yes,Yes,Machine Learning Engineer,3–5 years,Canada,,,,Very familiar—I regularly use these techniques and understand them well.,,,,,,SHAP (SHapley Additive exPlanations),,,,Pyexplainer,,,,,,,,,,,,Quantifying the exact contribution of each feature to a model's prediction.,Explaining predictions from complex ensemble models like random forests.,NA,Satisfied,3,4,5,6,7,8,1,2,Inaccessible Outputs,Performace Issues,Multiple,
1.10E+11,270427579,Yes,Yes,Data Scientist/Engineer,1–2 years,Japan,,,,Very familiar—I regularly use these techniques and understand them well.,,LIME (Local Interpretable Model-agnostic Explanations),,,,SHAP (SHapley Additive exPlanations),,,,,,Breakdown,,,,,,,,,,Debugging ,Global Model Interpretation,Explaining the factors influencing a CLV prediction,Moderate,2,4,5,6,1,7,8,3,Lack of Interoperability,Compatibility Issues,Multiple,Simplified Integration Process
1.10E+11,270427579,Yes,Yes,AI Researcher,1–2 years,India,,Slightly familiar—I have heard of these techniques but have not used them.,,,,LIME (Local Interpretable Model-agnostic Explanations),,,,,,,,Pyexplainer,,,,,,,,,,,,Sentiment Analysis,Rule-Based Decision Systems,NA,Satisfied,2,3,4,5,1,6,7,8,Poor Support for Unstructured Data,Data Preprocessing Issues,Multiple,Better Documentation and Tutorials
1.10E+11,270427579,Yes,Yes,AI Researcher,3–5 years,Canada,,,Moderately familiar—I have some experience using these techniques in my work.,,,LIME (Local Interpretable Model-agnostic Explanations),,,,SHAP (SHapley Additive exPlanations),,,,,,,,,,,,,,,,Image Classification,Time Series Analysis,NA,Satisfied,3,4,5,6,7,8,2,1,"Users often find the existing documentation insufficient or overly technical, making tools less accessible.",Lack of Documentation,Multiple,Ability to define custom metrics to evaluate the quality of explanations for specific use cases.
1.10E+11,270427579,Yes,Yes,Software Engineer,3–5 years,USA,,Slightly familiar—I have heard of these techniques but have not used them.,,,,,,,,SHAP (SHapley Additive exPlanations),,,,Pyexplainer,,,,,,,,,,,,Anomaly Detection,Recommendation Rules,NA,Satisfied,2,1,3,4,5,6,7,8,"Limited Support for Multi-Modal Data. Existing tools struggle to provide coherent explanations for multi-modal datasets, such as those combining text, image, and numerical data.",Unified Multi-Modal Framework,Multiple,Interactive Explanations
1.10E+11,270427579,Yes,Yes,"Academic/Researcher (Professor, Graduate Student)",3–5 years,Ireland,,,,Very familiar—I regularly use these techniques and understand them well.,,LIME (Local Interpretable Model-agnostic Explanations),,,,SHAP (SHapley Additive exPlanations),,,,,,,,,,,,,,,,Healthcare Applications,Healthcare Diagnostics,NA,Moderate,4,1,5,6,7,8,3,2,"Generating explanations, especially for large datasets, can be computationally expensive and time-consuming.",Scalability Issues,Multiple,"Pre-configured templates for industries like healthcare, finance, or software engineering to tailor explanations."
1.10E+11,270427579,Yes,Yes,Machine Learning Engineer,1–2 years,Canada,,,Moderately familiar—I have some experience using these techniques in my work.,,,LIME (Local Interpretable Model-agnostic Explanations),,,,SHAP (SHapley Additive exPlanations),,,,,,Breakdown,,,,,,,,,,Debugging Models,Bias Detection,"Sales Forecasting: Understanding the contributions of factors like price, seasonality, and marketing spend.",Dissatisfied,4,3,6,5,7,8,2,1,Poor Integration with ML Frameworks,Integration Issues,Multiple,Integration with Popular Frameworks
1.10E+11,270427579,Yes,Yes,Software Engineer,3–5 years,Canada,,,Moderately familiar—I have some experience using these techniques in my work.,,,LIME (Local Interpretable Model-agnostic Explanations),,,,SHAP (SHapley Additive exPlanations),,,,,,Breakdown,,,,,,,,,,Feature Importance Analysis,Feature Attribution,Breaking down a prediction into incremental contributions of features.,Satisfied,3,4,5,6,7,8,2,1,Limited Support for Complex Models,Lack of Documentation,Multiple,Real-Time Explanations
1.10E+11,270427579,Yes,Yes,Machine Learning Engineer,3–5 years,Japan,,,Moderately familiar—I have some experience using these techniques in my work.,,,LIME (Local Interpretable Model-agnostic Explanations),,,,SHAP (SHapley Additive exPlanations),,,,,,Breakdown,,,,,,,,,,"Best for local, instance-specific interpretability",Offers a theoretical foundation for both local and global explanations,"Focused on rule-based, interpretable insights, especially for structured data.",Satisfied,3,4,5,6,7,8,2,1,Lack of Consistency in Explanations,Disagreement Issues,Multiple,Consistency in Explanations
1.10E+11,270427579,Yes,Yes,Software Engineer,3–5 years,Germany,,,Moderately familiar—I have some experience using these techniques in my work.,,,LIME (Local Interpretable Model-agnostic Explanations),,,,SHAP (SHapley Additive exPlanations),,,,,,,,,,,,,,,,Feature importance,Summary plot,NA,Satisfied,2,1,5,6,7,8,4,3,Raising concerns of output,Performace Issue,Multiple,
1.10E+11,270427579,Yes,Yes,"Academic/Researcher (Professor, Graduate Student)",3–5 years,Canada,,,Moderately familiar—I have some experience using these techniques in my work.,,,LIME (Local Interpretable Model-agnostic Explanations),,,,SHAP (SHapley Additive exPlanations),,,,,,,,,,,,,,,,Popular,Feature importance,NA,Satisfied,3,4,5,6,7,8,2,1,Conflicting result,Disagreement Issues,Multiple,
1.10E+11,270427579,Yes,Yes,Software Engineer,3–5 years,Japan,,Slightly familiar—I have heard of these techniques but have not used them.,,,,,,,,SHAP (SHapley Additive exPlanations),,,,,,,,,,,,,,,,Very popular,NA,NA,Highly Satisfied,2,1,5,6,4,3,7,8,NA,,Single,
1.10E+11,270427579,Yes,Yes,"Academic/Researcher (Professor, Graduate Student)",1–2 years,Bangladesh,,Slightly familiar—I have heard of these techniques but have not used them.,,,,,,,,,,,,,,,,Optuna,,,,,,,,Provides a visualization of how the embeddings are located in the hyperspace. This helps detect how the model has learned to classify different groups by clustering similar entities,N/A,N/A,Moderate,5,1,4,3,2,6,7,8,N/A,,"I have just used Optuna, so a single technique",
1.10E+11,270427579,Yes,Yes,Software Engineer,3–5 years,Italy,,,Moderately familiar—I have some experience using these techniques in my work.,,,LIME (Local Interpretable Model-agnostic Explanations),,,TimeLIME,SHAP (SHapley Additive exPlanations),,,,,,Breakdown,,,,,,,,,,Local explanation,Global,Priority of features,Satisfied,3,5,6,4,7,8,2,1,Inconsistent result,Disagreement Issues,Multiple,
1.10E+11,270427579,Yes,Yes,Software Engineer,More than 10 years,Bangladesh,,,,Very familiar—I regularly use these techniques and understand them well.,,LIME (Local Interpretable Model-agnostic Explanations),,,,SHAP (SHapley Additive exPlanations),,Individual Conditional Expectation (ICE),,Pyexplainer,,Breakdown,,,Partial Dependence Plots (PDP),,,,,"Feature Importance (e.g., permutation importance)",,Popular,Most popular and understandable explanation,Shows the result in breakdown way,Moderate,3,4,6,5,7,8,2,1,Conflicting results makes confusion,Disagreement Issues,Multiple,Dont know
1.10E+11,270427579,Yes,Yes,"Academic/Researcher (Professor, Graduate Student)",More than 10 years,India,,,,Very familiar—I regularly use these techniques and understand them well.,,LIME (Local Interpretable Model-agnostic Explanations),,,,SHAP (SHapley Additive exPlanations),,,,Pyexplainer,,,,,,,,,,,,"Popular, easily interpretable",Most popular,Individual explanation generator,Satisfied,3,4,5,6,7,8,2,1,Sometimes confusing result generate,Disagreement Issues,Multiple,
1.10E+11,270427579,Yes,Yes,Data Analyst,More than 10 years,Bangladesh,,,Moderately familiar—I have some experience using these techniques in my work.,,,,,,,SHAP (SHapley Additive exPlanations),,,,,,,,,,,,,,,,Most popular,Not Used,Not Used,Satisfied,2,3,5,7,8,4,1,6,Visualization should be more transparent,Visualization Issues,Single,
1.10E+11,270427579,Yes,Yes,Data Scientist/Engineer,More than 10 years,"Vancouver, Canada",,,,Very familiar—I regularly use these techniques and understand them well.,,LIME (Local Interpretable Model-agnostic Explanations),,,,SHAP (SHapley Additive exPlanations),,,,,,,,,,,,,,,,Individual Row interpretation,Good visualization to understand ,Not applicable,Dissatisfied,2,4,5,6,7,8,3,1,Disagreement between the explanations,Disagreement Issues,Multiple,Need to develop the internal mechanism of the algorithm
1.10E+11,270427579,Yes,Yes,Software Engineer,6-10 years,USA,,,,Very familiar—I regularly use these techniques and understand them well.,,LIME (Local Interpretable Model-agnostic Explanations),,,,SHAP (SHapley Additive exPlanations),,,,,,,,,,,,,,,,Understandable for every row interpretation,Very popular ,Not used 3rd one,Satisfied,2,4,6,7,8,5,3,1,Conflicting explanation makes confuse to make decision,Disagreement Issues,Multiple,Algorithm development
1.10E+11,270427579,Yes,Yes,AI Researcher,6-10 years,France,,,,,Highly familiar—I am an expert in these techniques and frequently apply them in complex scenarios.,LIME (Local Interpretable Model-agnostic Explanations),,,,SHAP (SHapley Additive exPlanations),,,,,,,,,,,,,,,,Proper visualization,Local interpretation,NA,Satisfied,1,3,4,5,6,7,8,2,Installation difficulties,Installation Issues,Multiple,
1.10E+11,270427579,Yes,Yes,"Academic/Researcher (Professor, Graduate Student)",More than 10 years,Canada,,,,,Highly familiar—I am an expert in these techniques and frequently apply them in complex scenarios.,LIME (Local Interpretable Model-agnostic Explanations),,,,SHAP (SHapley Additive exPlanations),,,,,,Breakdown,,,,,,,,,,Understandable,Feature ranking,Priority of features,Highly Satisfied,1,2,6,7,5,8,4,3,All are okay but sometimes misleading the interpretation to users,Disagreement Issues,Multiple,Need to research more
1.10E+11,270427579,Yes,Yes,"Academic/Researcher (Professor, Graduate Student)",3–5 years,Bangladesh,,Slightly familiar—I have heard of these techniques but have not used them.,,,,,,,,SHAP (SHapley Additive exPlanations),Grad-CAM (Gradient-weighted Class Activation Mapping),,,,,,,,Partial Dependence Plots (PDP),,,Decision Trees / Rule-Based Explanations,,,,"SHAP: because it provides consistent and accurate feature, easy to use, provides both global and local insights, fairly attributes impact of each feature","Grad-CAM: help me with interpretability of CNN, highlight/separate the important region of predictions, help to understand model focus like explainable AI","Decision Trees or Rule-Based Structures: For complicated dependency based condition, I found DT as easiest and first option to develop a ML based intelligent system. It is so easy to develop the rules, and run the system for initial phase, until we have enough data to train more large model.",Satisfied,3,7,2,1,4,8,5,6,"I found SHAP & PDP as computationally expensive. Grad-CAM only go well with CNN, not with ViT or others. And DT suffer from overfitting, also less effective for time series data.",Integration Issues,yes,
1.10E+11,270427579,Yes,Yes,Machine Learning Engineer,Less than 1 year,Bangladesh ,,,Moderately familiar—I have some experience using these techniques in my work.,,,LIME (Local Interpretable Model-agnostic Explanations),,,,SHAP (SHapley Additive exPlanations),,,,,,,,,,,,Decision Trees / Rule-Based Explanations,,,,"LIME works with any machine learning model, regardless of whether it’s linear, tree-based, or a black-box neural network. This flexibility is a significant advantage over techniques tied to specific model types","SHAP is more useful than other techniques due to its strong theoretical foundation, ability to handle both global and local interpretability, and advanced visualization capabilities. While methods like LIME are simpler, SHAP provides deeper, more consistent, and fair explanations, making it the superior choice for interpreting complex machine learning models","Decision Trees and Rule-Based Explanations are useful techniques in scenarios requiring simplicity, transparency, and direct interpretability. Their ability to provide clear, actionable insights makes them a preferred choice for high-stakes or regulated environments where understanding the decision process is essential.",Satisfied,2,7,1,4,3,8,6,5,Limitation in decisions tree and rule based explanation :  Scalability: Decision trees may not perform well on very large or high-dimensional datasets compared to ensemble techniques like random forests or boosting.  Overfitting: They can overfit small datasets without proper regularization,Data Preprocessing Issues,Single,
1.10E+11,270427579,Yes,Yes,Machine Learning Engineer,3–5 years,Russia,,,,Very familiar—I regularly use these techniques and understand them well.,,,,,,SHAP (SHapley Additive exPlanations),,,,,,,,,,,,,,,,Feature importance,na,na,Highly Satisfied,,,,,,,,,Sometimes inconsistent ,Disagreement Issues,Single ,
1.10E+11,270427579,Yes,Yes,Data Scientist/Engineer,6-10 years,Canada,,,,Very familiar—I regularly use these techniques and understand them well.,,LIME (Local Interpretable Model-agnostic Explanations),,,,SHAP (SHapley Additive exPlanations),,,,,,,,,,,,,,,,Easy,Feature importance ,NA,Dissatisfied,1,2,3,4,5,6,7,8,Inconsistent ,Disagreement Issues,Multiple ,Find common features
1.10E+11,270427579,Yes,Yes,AI Researcher,1–2 years,Slovenia ,,,,,Highly familiar—I am an expert in these techniques and frequently apply them in complex scenarios.,LIME (Local Interpretable Model-agnostic Explanations),,,,SHAP (SHapley Additive exPlanations),,,,,,,,,,,,,,,,Easily interpretable,Feature ranking ,Used only two,Highly Satisfied,1,2,5,4,6,3,7,8,sometimes confusion arise seeing outcome ,Disagreement Issues,Multiple ,Proper documents 
1.10E+11,270427579,Yes,Yes,AI Researcher,1–2 years,France,,Slightly familiar—I have heard of these techniques but have not used them.,,,,LIME (Local Interpretable Model-agnostic Explanations),,,,SHAP (SHapley Additive exPlanations),,,,,,,,,,,,,,,,Local,Global,NA,Satisfied,3,4,5,6,7,8,2,1,Installation Issues,Installation Issues,Multiple,Good Documentation
1.10E+11,270427579,Yes,Yes,"Academic/Researcher (Professor, Graduate Student)",3–5 years,Canada,,,,Very familiar—I regularly use these techniques and understand them well.,,LIME (Local Interpretable Model-agnostic Explanations),,,,SHAP (SHapley Additive exPlanations),,,,,,,,,,,,,,,,easy annd understandable,easy annd understandable,NA,Dissatisfied,1,3,4,5,6,7,8,2,Disagreement issues,Disagreement Issues,Multiple,No idea
1.10E+11,270427579,Yes,Yes,"Academic/Researcher (Professor, Graduate Student)",3–5 years,USA,,,Moderately familiar—I have some experience using these techniques in my work.,,,LIME (Local Interpretable Model-agnostic Explanations),,,,SHAP (SHapley Additive exPlanations),,,,,,,,,,,,,,,,Local,Global,na,Moderate,1,2,3,8,4,7,5,6,it sometimes not consistent.,Disagreement Issues,Multiple,"Automated explanation generation, enhanced error-handling mechanisms, and features that proactively identify issues"
1.10E+11,270427579,Yes,Yes,Software Engineer,3–5 years,Germany,,,Moderately familiar—I have some experience using these techniques in my work.,,,LIME (Local Interpretable Model-agnostic Explanations),,,,SHAP (SHapley Additive exPlanations),,,,,,Breakdown,,,,,,,,,,Understandable,Feature Importance,Good visualization,Satisfied,1,2,8,3,6,7,5,4,Lack of Consistency in Explanations,Disagreement Issues,Single,
1.10E+11,270427579,Yes,Yes,"Academic/Researcher (Professor, Graduate Student)",3–5 years,Bangladesh,,,Moderately familiar—I have some experience using these techniques in my work.,,,LIME (Local Interpretable Model-agnostic Explanations),,,,SHAP (SHapley Additive exPlanations),,,,,,,,,,,,Decision Trees / Rule-Based Explanations,,"Feature Importance (e.g., permutation importance)",,"LIME helps to identify the features in classification tasks, and gives detail explanation for individual predictions",SHAP helps to get the feature importance and identify top features,The Rule based systems are used to model the rules to understand a system behavior,Moderate,3,5,6,7,4,8,2,1,"In one of my research,  when I applied the Explainable AI model, I had no evaluation metrics to evaluate the performance of XAI model and compare their performance.",Lack of Evaluation Metrics,I used multiple techniques for a single model.,"First of all, all the XAI models can't be applicable for the single research problem. Different domain of research might require different XAI technique. Then there are some models which provide local or global explanations. So, the explanations might differ according to the nature of the XAI model. If multiple models are providing different results, which are called disagreement problem. This problem can be solved by evaluating model performance for that particular research problem and compare different results to get the best prediction."
1.10E+11,270427579,Yes,Yes,Machine Learning Engineer,3–5 years,Iran,,Slightly familiar—I have heard of these techniques but have not used them.,,,,LIME (Local Interpretable Model-agnostic Explanations),,,,SHAP (SHapley Additive exPlanations),,,,,,,,,,,,,,,,My choice one was Lime because it is more popular than SHAP. also it is quick and flexible for local interpretations of individual predictions.,My second choice was SHAP because it is more robust.,I did not have a choice 3,Moderate,5,2,3,6,4,7,8,1,The current methods are not computationally efficient and they are not consistant.,Disagreement Issues,I use single model technique,
1.10E+11,270427579,Yes,Yes,AI Researcher,1–2 years,Ireland ,,,Moderately familiar—I have some experience using these techniques in my work.,,,LIME (Local Interpretable Model-agnostic Explanations),,,,SHAP (SHapley Additive exPlanations),,,,Pyexplainer,,,,,,,,,,,,Single data interpretation,Whole dataset interpretation ,Parameter based interpretation ,Satisfied,1,4,5,6,8,7,2,3,Installation problem ,Installation Issues,Mostly single,
1.10E+11,270427579,Yes,Yes,Machine Learning Engineer,6-10 years,USA,,,,Very familiar—I regularly use these techniques and understand them well.,,LIME (Local Interpretable Model-agnostic Explanations),,,,SHAP (SHapley Additive exPlanations),,,,,,,,,,,,,,,,Easy to interpret,Feature Importance,NA,Highly Satisfied,1,2,6,7,5,8,4,3,Conflicting result,Disagreement Issues,Multiple ,Feature Importance
1.10E+11,270427579,Yes,Yes,AI Researcher,3–5 years,France,,,,Very familiar—I regularly use these techniques and understand them well.,,LIME (Local Interpretable Model-agnostic Explanations),,,,SHAP (SHapley Additive exPlanations),,,,,,,,,,,,,,,,Local explanation ,Global explanation ,.,Highly Satisfied,1,4,6,7,8,5,3,2,N/A,,Multiple ,Union operation 
